1,Name,Videos featured,https://www.instagram.com/theathletespine/?hl=en
2,Name2,Videos featured,https://www.instagram.com/theathletespine/?hl=en
3,Name3,Videos featured,https://www.instagram.com/theathletespine/?hl=en
4,Name4,Videos featured,https://www.instagram.com/theathletespine/?hl=en
5,Name5,Videos featured,https://www.instagram.com/theathletespine/?hl=en
6,Name6,Videos featured,https://www.instagram.com/theathletespine/?hl=en
7,Name7,Videos featured,https://www.instagram.com/theathletespine/?hl=en
8,Name8,Videos featured,https://www.instagram.com/theathletespine/?hl=en
9,Name9,Videos featured,https://www.instagram.com/theathletespine/?hl=en
10,Name10,Videos featured,https://www.instagram.com/theathletespine/?hl=en
11,Name11,Videos featured,https://www.instagram.com/theathletespine/?hl=en
12,Name12,Videos featured,https://www.instagram.com/theathletespine/?hl=en
13,Name13,Videos featured,https://www.instagram.com/theathletespine/?hl=en
14,Name14,Videos featured,https://www.instagram.com/theathletespine/?hl=en