1,Title,Description,March 25 2024,https://www.youtube.com/watch?v=iaQAw1sw33Y
2,Title2,Description2,March 25 2024,https://www.youtube.com/watch?v=iaQAw1sw33Y
3,Title3,Description3,March 25 2024,https://www.youtube.com/watch?v=iaQAw1sw33Y
4,Title4,Description4,March 25 2024,https://www.youtube.com/watch?v=iaQAw1sw33Y
5,Title5,Description5,March 25 2024,https://www.youtube.com/watch?v=iaQAw1sw33Y
6,Title6,Description6,March 25 2024,https://www.youtube.com/watch?v=iaQAw1sw33Y
7,Title7,Description7,March 25 2024,https://www.youtube.com/watch?v=iaQAw1sw33Y
8,Title8,Description8,March 25 2024,https://www.youtube.com/watch?v=iaQAw1sw33Y
9,Title9,Description9,March 25 2024,https://www.youtube.com/watch?v=iaQAw1sw33Y
10,Title10,Description10,March 25 2024,https://www.youtube.com/watch?v=iaQAw1sw33Y
11,Title11,Description11,March 25 2024,https://www.youtube.com/watch?v=iaQAw1sw33Y
12,Title12,Description12,March 25 2024,https://www.youtube.com/watch?v=iaQAw1sw33Y
13,Title13,Description13,March 25 2024,https://www.youtube.com/watch?v=iaQAw1sw33Y
14,Title14,Description14,March 25 2024,https://www.youtube.com/watch?v=iaQAw1sw33Y
